insertId,labels.INSTANCE_UID,labels.LOG_BUCKET_NUM,labels.SOURCE_ID,logName,receiveLocation,receiveTimestamp,resource.labels.database_id,resource.labels.project_id,resource.labels.region,resource.type,textPayload,timestamp
2#815009969545#3307386367382545559#slow#1709478876146324000#0000000000db50b6-0@a1,23-10267614-10bf-4724-9c3d-9c0e997ddc84,52,666461666432613437323163663534342d313163,projects/project-kyz-product/logs/cloudsql.googleapis.com%2Fmysql-slow.log,,2024-03-03T15:14:37.226454493Z,project-kyz-product:mysql-m-z-prod,project-kyz-product,asia-east2,cloudsql_database,"# Time: 2024-03-03T15:14:36.146324Z
# User@Host: root[root] @ localhost []  thread_id: 1172437  server_id: 4004008285
# Query_time: 84.155538  Lock_time: 0.001598 Rows_sent: 32100  Rows_examined: 662811
SET timestamp=1709478876;
SELECT
  t.TABLE_SCHEMA AS TableSchema,
  t.TABLE_NAME AS TableName,
  t.TABLE_TYPE AS TableType,
  t.TABLE_COMMENT AS TableDescription,
  c.COLUMN_NAME AS ColumnName,
  c.COLUMN_COMMENT AS ColumnDescription,
  c.DATA_TYPE AS ColumnDataType,
  c.IS_NULLABLE AS ColumnIsNullable
FROM information_schema.columns c
JOIN information_schema.tables t
  ON (t.TABLE_NAME = c.TABLE_NAME AND t.TABLE_SCHEMA = c.TABLE_SCHEMA)
WHERE t.TABLE_SCHEMA IN ('ddz_record','dcpk_record','cyby_record')
  AND t.TABLE_NAME IN ('gameRecord20230818','gameRecord20240111','gameRecord20230118','gameRecord20230318','gameRecord20230629','gameRecord20230307','gameRecord20230910','gameRecord20230102','gameRecord20230309','gameRecord20230913','gameRecord20240211','gameRecord20231011','gameRecord20230412','gameRecord20230622','gameRecord20230909','gameRecord20230516','gameRecord20230610','gameRecord20231213','gameRecord20231028','gameRecord20230406','gameRecord20230423','gameRecord20230802','gameRecord20230509','gameRecord20231112','gameRecord20230110','gameRecord20230705','gameRecord20231118','gameRecord20240125','gameRecord20230308','gameRecord20230310','gameRecord20230501','gameRecord20230221','gameRecord20230715','gameRecord20240215','gameRecord20230728','gameRecord20231228','gameRecord20240115','gameRecord20240130','gameRecord20230602','gameRecord20230605','gameRecord20230709','gameRecord20230524','gameRecord20231012','gameRecord20231211','gameRecord20230208','gameRecord20230413','gameRecord20230421','gameRecord20230220','gameRecord20230210','gameRecord20230831','gameRecord20230906','gameRecord20231223','gameRecord20231224','gameRecord20230303','gameRecord20230512','gameRecord20230908','gameRecord20230719','gameRecord20231116','gameRecord20231206','gameRecord20230615','gameRecord20231109','gameRecord20230327','gameRecord20230331','gameRecord20230523','gameRecord20230730','gameRecord20230824','gameRecord20230124','gameRecord20230129','gameRecord20230204','gameRecord20231102','gameRecord20231117','gameRecord20231212','gameRecord20230409','gameRecord20230531','gameRecord20230721','gameRecord20230122','gameRecord20240131','gameRecord20230517','gameRecord20231114','gameRecord20240104','gameRecord20231023','gameRecord20231104','gameRecord20231123','gameRecord20230217','gameRecord20230422','gameRecord20230930','gameRecord20230611','gameRecord20230625','gameRecord20231121','gameRecord20230408','gameRecord20230731','gameRecord20230902','gameRecord20231110','gameRecord20230111','gameRecord20230330','gameRecord20230821','gameRecord20230223','gameRecord20230810','gameRecord20230103','gameRecord20230822','gameRecord20230425','gameRecord20230714','gameRecord20230113','gameRecord20231205','gameRecord20230729','gameRecord20240216','gameRecord20230116','gameRecord20230429','gameRecord20230706','gameRecord20231226','gameRecord20231108','gameRecord20240303','gameRecord20230428','gameRecord20230525','gameRecord20230820','gameRecord20231017','gameRecord20231217','gameRecord20230131','gameRecord20230504','gameRecord20230528','gameRecord20240223','gameRecord20230430','gameRecord20230621','gameRecord20231005','gameRecord20240123','gameRecord20230704','gameRecord20230911','gameRecord20230916','gameRecord20231207','gameRecord20230519','gameRecord20230630','gameRecord20231125','gameRecord20231208','gameRecord20230319','gameRecord20230503','gameRecord20231009','gameRecord20230612','gameRecord20230718','gameRecord20230924','gameRecord20231130','gameRecord20240129','gameRecord20230218','gameRecord20230225','gameRecord20230416','gameRecord20230306','gameRecord20230614','gameRecord20240108','gameRecord20230202','gameRecord20230703','gameRecord20231219','gameRecord20230222','gameRecord20230502','gameRecord20230724','gameRecord20230105','gameRecord20230128','gameRecord20230219','gameRecord20230326','gameRecord20240212','gameRecord20230426','gameRecord20230613','gameRecord20230904','gameRecord20230414','gameRecord20230511','gameRecord20230806','gameRecord20230515','gameRecord20230803','gameRecord20231218','gameRecord20240103','gameRecord20240201','gameRecord20240205','gameRecord20230830','gameRecord20231113','gameRecord20240124','gameRecord20240228','gameRecord20230701','gameRecord20230710','gameRecord20230927','gameRecord20230912','gameRecord20240127','gameRecord20240225','gameRecord20240227','gameRecord20230405','gameRecord20230725','gameRecord20230805','gameRecord20230929','gameRecord20240217','gameRecord20230620','gameRecord20240302','gameRecord20230324','gameRecord20230727','gameRecord20231019','gameRecord20231107','gameRecord20231127','gameRecord20240121','gameRecord20240224','gameRecord20230317','gameRecord20230707','gameRecord20230829','gameRecord20230914','gameRecord20240214','gameRecord20240110','gameRecord20230120','gameRecord20231119','gameRecord20231203','gameRecord20230619','gameRecord20230823','gameRecord20230923','gameRecord20240101','gameRecord20230510','gameRecord20230520','gameRecord20230609','gameRecord20230720','gameRecord20230807','gameRecord20230815','gameRecord20240202','gameRecord20230127','gameRecord20231004','gameRecord20231115','gameRecord20240116','gameRecord20230104','gameRecord20230410','gameRecord20231006','gameRecord20231120','gameRecord20230801','gameRecord20230921','gameRecord20230926','gameRecord20231227','gameRecord20231230','gameRecord20230119','gameRecord20230313','gameRecord20230328','gameRecord20230601','gameRecord20231105','gameRecord20231222','gameRecord20230325','gameRecord20230717','gameRecord20230314','gameRecord20230604','gameRecord20230708','gameRecord20230115','gameRecord20230418','gameRecord20240207','gameRecord20230109','gameRecord20231021','gameRecord20240213','gameRecord20230407','gameRecord20230819','gameRecord20231003','gameRecord20231007','gameRecord20230216','gameRecord20230506','gameRecord20230526','gameRecord20230521','gameRecord20230828','gameRecord20230101','gameRecord20230211','gameRecord20230626','gameRecord20240119','gameRecord20230322','gameRecord20230712','gameRecord20230716','gameRecord20230329','gameRecord20231020','gameRecord20231024','gameRecord20231031','gameRecord20231014','gameRecord20240222','gameRecord20240301','gameRecord20230411','gameRecord20231001','gameRecord20230507','gameRecord20231229','gameRecord20230415','gameRecord20230817','gameRecord20240210','gameRecord20230905','gameRecord20231008','gameRecord20230215','gameRecord20230224','gameRecord20240208','gameRecord20230903','gameRecord20231204','gameRecord20240117','gameRecord20230201','gameRecord20230811','gameRecord20230814','gameRecord20230623','gameRecord20230312','gameRecord20230616','gameRecord20230816','gameRecord20230121','gameRecord20230123','gameRecord20230227','gameRecord20230920','gameRecord20230214','gameRecord20230726','gameRecord20230804','gameRecord20231106','gameRecord20240229','gameRecord20230108','gameRecord20230321','gameRecord20230713','gameRecord20230928','gameRecord20231225','gameRecord20240120','gameRecord20230404','gameRecord20230825','gameRecord20231013','gameRecord20230608','gameRecord20230618','gameRecord20231214','gameRecord20240203','gameRecord20230228','gameRecord20240106','gameRecord20231002','gameRecord20231103','gameRecord20240113','gameRecord20230505','gameRecord20230723','gameRecord20230917','gameRecord20231126','gameRecord20240114','gameRecord20240204','gameRecord20230702','gameRecord20230922','gameRecord20231015','gameRecord20230226','gameRecord20240128','gameRecord20240209','gameRecord20230427','gameRecord20230508','gameRecord20230813','gameRecord20230320','gameRecord20230606','gameRecord20230627','gameRecord20240219','gameRecord20230607','gameRecord20231022','gameRecord20231231','gameRecord20240112','gameRecord20240122','gameRecord20240126','gameRecord20230530','gameRecord20230711','gameRecord20231201','gameRecord20230808','gameRecord20230918','gameRecord20240107','gameRecord20230722','gameRecord20240109','gameRecord20230207','gameRecord20230316','gameRecord20230403','gameRecord20230518','gameRecord20230901','gameRecord20231215','gameRecord20230130','gameRecord20230203','gameRecord20230305','gameRecord20230925','gameRecord20231124','gameRecord20240102','gameRecord20230126','gameRecord20230212','gameRecord20230323','gameRecord20230205','gameRecord20230117','gameRecord20230125','gameRecord20230603','gameRecord20230301','gameRecord20231016','gameRecord20231202','gameRecord20230304','gameRecord20230513','gameRecord20240118','gameRecord20231010','gameRecord20231029','gameRecord20230402','gameRecord20230527','gameRecord20230907','gameRecord20231027','gameRecord20231030','gameRecord20231216','gameRecord20230827','gameRecord20231018','gameRecord20231026','gameRecord20230114','gameRecord20230213','gameRecord20231128','gameRecord20231209','gameRecord20240218','gameRecord20230106','gameRecord20230514','gameRecord20231221','gameRecord20240105','gameRecord20230420','gameRecord20230826','gameRecord20231101','gameRecord20230812','gameRecord20230206','gameRecord20230529','gameRecord20230617','gameRecord20231025','gameRecord20231220','gameRecord20230417','gameRecord20230809','gameRecord20230919','gameRecord20230315','gameRecord20230915','gameRecord20240206','gameRecord20230522','gameRecord20240220','gameRecord20230209','gameRecord20230311','gameRecord20230424','gameRecord20231210','gameRecord20231129','gameRecord20240226','gameRecord20230302','gameRecord20230419','gameRecord20230624','gameRecord20231122','gameRecord20240221','gameRecord20230107','gameRecord20230112','gameRecord20230401','gameRecord20230628','gameRecord20231111')
ORDER BY TableSchema DESC, TableName DESC;",2024-03-03T15:14:36.146324Z
2#815009969545#3307386367382545559#slow#1709478781452363000#0000000000da5169-0@a2,23-10267614-10bf-4724-9c3d-9c0e997ddc84,52,666461666432613437323163663534342d313163,projects/project-kyz-product/logs/cloudsql.googleapis.com%2Fmysql-slow.log,,2024-03-03T15:13:03.004003825Z,project-kyz-product:mysql-m-z-prod,project-kyz-product,asia-east2,cloudsql_database,"# Time: 2024-03-03T15:13:01.838381Z
# User@Host: root[root] @ localhost []  thread_id: 1172437  server_id: 4004008285
# Query_time: 110.909496  Lock_time: 0.001493 Rows_sent: 41088  Rows_examined: 681215
SET timestamp=1709478781;
SELECT
  t.TABLE_SCHEMA AS TableSchema,
  t.TABLE_NAME AS TableName,
  t.TABLE_TYPE AS TableType,
  t.TABLE_COMMENT AS TableDescription,
  c.COLUMN_NAME AS ColumnName,
  c.COLUMN_COMMENT AS ColumnDescription,
  c.DATA_TYPE AS ColumnDataType,
  c.IS_NULLABLE AS ColumnIsNullable
FROM information_schema.columns c
JOIN information_schema.tables t
  ON (t.TABLE_NAME = c.TABLE_NAME AND t.TABLE_SCHEMA = c.TABLE_SCHEMA)
WHERE t.TABLE_SCHEMA IN ('erba_record','dzpk_record','dtnn_record','ddz_record')
  AND t.TABLE_NAME IN ('gameRecord20230609','gameRecord20231113','gameRecord20240112','gameRecord20230102','gameRecord20230217','gameRecord20230218','gameRecord20230320','gameRecord20231217','gameRecord20230809','gameRecord20230106','gameRecord20230913','gameRecord20231015','gameRecord20230213','gameRecord20230715','gameRecord20230727','gameRecord20230907','gameRecord20231201','gameRecord20240223','gameRecord20230108','gameRecord20230626','gameRecord20240126','gameRecord20240218','gameRecord20230126','gameRecord20231017','gameRecord20240302','gameRecord20230706','gameRecord20231115','gameRecord20230917','gameRecord20231226','gameRecord20230206','gameRecord20230208','gameRecord20230311','gameRecord20230614','gameRecord20230813','gameRecord20240215','gameRecord20230515','gameRecord20230620','gameRecord20240219','gameRecord20230202','gameRecord20230420','gameRecord20230608','gameRecord20230310','gameRecord20230615','gameRecord20231029','gameRecord20231211','gameRecord20240116','gameRecord20230717','gameRecord20230804','gameRecord20231026','gameRecord20231224','gameRecord20240203','gameRecord20240217','gameRecord20230327','gameRecord20230703','gameRecord20230823','gameRecord20230313','gameRecord20230415','gameRecord20231030','gameRecord20231106','gameRecord20231107','gameRecord20231230','gameRecord20240222','gameRecord20230121','gameRecord20231021','gameRecord20230426','gameRecord20230505','gameRecord20230831','gameRecord20230411','gameRecord20230425','gameRecord20230702','gameRecord20230811','gameRecord20231031','gameRecord20231204','gameRecord20230117','gameRecord20230123','gameRecord20230627','gameRecord20230925','gameRecord20230921','gameRecord20231203','gameRecord20240119','gameRecord20240225','gameRecord20230418','gameRecord20230604','gameRecord20230808','gameRecord20230314','gameRecord20231101','gameRecord20240221','gameRecord20230322','gameRecord20230212','gameRecord20230601','gameRecord20230814','gameRecord20231210','gameRecord20230910','gameRecord20231125','gameRecord20230221','gameRecord20230307','gameRecord20230315','gameRecord20230410','gameRecord20231023','gameRecord20231214','gameRecord20230906','gameRecord20231024','gameRecord20240107','gameRecord20230528','gameRecord20230721','gameRecord20230104','gameRecord20230504','gameRecord20230806','gameRecord20230915','gameRecord20231120','gameRecord20240117','gameRecord20230611','gameRecord20230713','gameRecord20230720','gameRecord20230118','gameRecord20230430','gameRecord20230522','gameRecord20230101','gameRecord20231111','gameRecord20240228','gameRecord20230417','gameRecord20231221','gameRecord20230222','gameRecord20230602','gameRecord20230819','gameRecord20230603','gameRecord20230525','gameRecord20230621','gameRecord20240101','gameRecord20240201','gameRecord20230617','gameRecord20231225','gameRecord20230619','gameRecord20230714','gameRecord20231102','gameRecord20240206','gameRecord20230812','gameRecord20230326','gameRecord20230801','gameRecord20231004','gameRecord20231128','gameRecord20230207','gameRecord20230209','gameRecord20231208','gameRecord20240216','gameRecord20230226','gameRecord20230328','gameRecord20240131','gameRecord20230926','gameRecord20231127','gameRecord20240213','gameRecord20230223','gameRecord20231228','gameRecord20240210','gameRecord20230323','gameRecord20230810','gameRecord20230923','gameRecord20231121','gameRecord20240110','gameRecord20230115','gameRecord20230509','gameRecord20230624','gameRecord20240102','gameRecord20230919','gameRecord20231213','gameRecord20230503','gameRecord20230803','gameRecord20231116','gameRecord20231118','gameRecord20230114','gameRecord20230705','gameRecord20230905','gameRecord20230802','gameRecord20240226','gameRecord20240227','gameRecord20230830','gameRecord20231028','gameRecord20240125','gameRecord20240220','gameRecord20240229','gameRecord20230228','gameRecord20230501','gameRecord20231013','gameRecord20230210','gameRecord20230301','gameRecord20230329','gameRecord20230409','gameRecord20230909','gameRecord20230413','gameRecord20240121','gameRecord20240124','gameRecord20230309','gameRecord20230912','gameRecord20231005','gameRecord20230116','gameRecord20230211','gameRecord20230708','gameRecord20230718','gameRecord20230828','gameRecord20231020','gameRecord20240114','gameRecord20231027','gameRecord20230125','gameRecord20230227','gameRecord20230616','gameRecord20230807','gameRecord20230103','gameRecord20230630','gameRecord20230805','gameRecord20231003','gameRecord20240111','gameRecord20230422','gameRecord20240212','gameRecord20230711','gameRecord20230716','gameRecord20231209','gameRecord20230404','gameRecord20230704','gameRecord20231124','gameRecord20230131','gameRecord20231009','gameRecord20230922','gameRecord20231108','gameRecord20231130','gameRecord20230203','gameRecord20230304','gameRecord20230407','gameRecord20230817','gameRecord20231110','gameRecord20231212','gameRecord20231220','gameRecord20230219','gameRecord20230408','gameRecord20230508','gameRecord20230317','gameRecord20230321','gameRecord20230623','gameRecord20230825','gameRecord20240109','gameRecord20230405','gameRecord20230523','gameRecord20230728','gameRecord20230730','gameRecord20230607','gameRecord20230729','gameRecord20230911','gameRecord20240122','gameRecord20240209','gameRecord20230412','gameRecord20230928','gameRecord20231109','gameRecord20231119','gameRecord20230424','gameRecord20230826','gameRecord20230403','gameRecord20230512','gameRecord20230722','gameRecord20230519','gameRecord20230731','gameRecord20231011','gameRecord20240115','gameRecord20230201','gameRecord20240301','gameRecord20230130','gameRecord20231126','gameRecord20230629','gameRecord20231227','gameRecord20240129','gameRecord20230105','gameRecord20230521','gameRecord20230625','gameRecord20230312','gameRecord20230429','gameRecord20230712','gameRecord20230818','gameRecord20240113','gameRecord20230318','gameRecord20231002','gameRecord20231010','gameRecord20230205','gameRecord20230225','gameRecord20230606','gameRecord20230908','gameRecord20230520','gameRecord20230725','gameRecord20231022','gameRecord20240105','gameRecord20230216','gameRecord20230414','gameRecord20230530','gameRecord20230605','gameRecord20230902','gameRecord20231206','gameRecord20230109','gameRecord20230421','gameRecord20230918','gameRecord20231007','gameRecord20230224','gameRecord20230610','gameRecord20230612','gameRecord20230719','gameRecord20230723','gameRecord20230119','gameRecord20230214','gameRecord20230324','gameRecord20230511','gameRecord20230524','gameRecord20230726','gameRecord20240208','gameRecord20230127','gameRecord20230916','gameRecord20231019','gameRecord20240108','gameRecord20230204','gameRecord20230502','gameRecord20230518','gameRecord20230815','gameRecord20231001','gameRecord20231231','gameRecord20230113','gameRecord20230306','gameRecord20230929','gameRecord20231123','gameRecord20240104','gameRecord20240202','gameRecord20240118','gameRecord20230107','gameRecord20230330','gameRecord20231012','gameRecord20231223','gameRecord20230111','gameRecord20231025','gameRecord20231202','gameRecord20230220','gameRecord20230308','gameRecord20230416','gameRecord20231103','gameRecord20231105','gameRecord20230122','gameRecord20230331','gameRecord20230428','gameRecord20230707','gameRecord20230120','gameRecord20230406','gameRecord20230821','gameRecord20230914','gameRecord20231216','gameRecord20231112','gameRecord20240211','gameRecord20240303','gameRecord20230930','gameRecord20240127','gameRecord20240207','gameRecord20231117','gameRecord20230112','gameRecord20230423','gameRecord20230427','gameRecord20240106','gameRecord20231006','gameRecord20230124','gameRecord20230316','gameRecord20231218','gameRecord20230507','gameRecord20230710','gameRecord20230920','gameRecord20230927','gameRecord20231129','gameRecord20231229','gameRecord20230110','gameRecord20230622','gameRecord20231008','gameRecord20240128','gameRecord20230129','gameRecord20230824','gameRecord20231018','gameRecord20231205','gameRecord20240103','gameRecord20230822','gameRecord20230903','gameRecord20230510','gameRecord20230829','gameRecord20231104','gameRecord20231122','gameRecord20240204','gameRecord20240224','gameRecord20230305','gameRecord20231207','gameRecord20230215','gameRecord20230303','gameRecord20230531','gameRecord20230613','gameRecord20230904','gameRecord20240123','gameRecord20230513','gameRecord20230618','gameRecord20230628','gameRecord20230820','gameRecord20230526','gameRecord20230527','gameRecord20231114','gameRecord20231215','gameRecord20240205','gameRecord20240214','gameRecord20230319','gameRecord20230514','gameRecord20231014','gameRecord20230827','gameRecord20230901','gameRecord20230302','gameRecord20230506','gameRecord20230701','gameRecord20230709','gameRecord20230724','gameRecord20230816','gameRecord20231222','gameRecord20230529','gameRecord20240130','gameRecord20230401','gameRecord20230517','gameRecord20230128','gameRecord20231219','gameRecord20230325','gameRecord20230402','gameRecord20230924','gameRecord20231016','gameRecord20240120','gameRecord20230419','gameRecord20230516')
ORDER BY TableSchema DESC, TableName DESC;",2024-03-03T15:13:01.838381Z
2#815009969545#3307386367382545559#slow#1709478660701389000#0000000000d8ed09-0@a1,23-10267614-10bf-4724-9c3d-9c0e997ddc84,52,666461666432613437323163663534342d313163,projects/project-kyz-product/logs/cloudsql.googleapis.com%2Fmysql-slow.log,,2024-03-03T15:11:01.899566164Z,project-kyz-product:mysql-m-z-prod,project-kyz-product,asia-east2,cloudsql_database,"# Time: 2024-03-03T15:11:00.701389Z
# User@Host: root[root] @ localhost []  thread_id: 1172437  server_id: 4004008285
# Query_time: 93.465074  Lock_time: 0.001423 Rows_sent: 35157  Rows_examined: 669079
SET timestamp=1709478660;
SELECT
  t.TABLE_SCHEMA AS TableSchema,
  t.TABLE_NAME AS TableName,
  t.TABLE_TYPE AS TableType,
  t.TABLE_COMMENT AS TableDescription,
  c.COLUMN_NAME AS ColumnName,
  c.COLUMN_COMMENT AS ColumnDescription,
  c.DATA_TYPE AS ColumnDataType,
  c.IS_NULLABLE AS ColumnIsNullable
FROM information_schema.columns c
JOIN information_schema.tables t
  ON (t.TABLE_NAME = c.TABLE_NAME AND t.TABLE_SCHEMA = c.TABLE_SCHEMA)
WHERE t.TABLE_SCHEMA IN ('fgsz_record','fb_record','fb','externalVendorSchedule','erren_record','erba_record')
  AND t.TABLE_NAME IN ('gameRecord20230927','gameRecord20240107','gameRecord20230508','gameRecord20230724','gameRecord20230914','gameRecord20230329','gameRecord20230402','gameRecord20230807','gameRecord20230804','gameRecord20240128','gameRecord20231107','gameRecord20240101','gameRecord20230215','gameRecord20230729','gameRecord20230905','orders','gameRecord20230118','gameRecord20230212','gameRecord20230621','gameRecord20240123','gameRecord20240220','gameRecord20231104','gameRecord20230609','gameRecord20230306','gameRecord20230403','gameRecord20230625','gameRecord20230328','gameRecord20240222','gameRecord20231019','gameRecord20231021','gameRecord20231126','gameRecord20231203','gameRecord20230316','gameRecord20230924','gameRecord20230314','gameRecord20230512','gameRecord20240213','gameRecord20230919','gameRecord20231122','gameRecord20230106','gameRecord20240111','gameRecord20230712','gameRecord20230915','gameRecord20240102','gameRecord20230211','gameRecord20230408','gameRecord20230213','gameRecord20230411','gameRecord20230925','gameRecord20231201','gameRecord20230216','gameRecord20230605','gameRecord20230701','gameRecord20230824','gameRecord20230323','gameRecord20230530','gameRecord20230615','gameRecord20230812','gameRecord20230920','gameRecord20231105','gameRecord20240108','gameRecord20230210','gameRecord20230515','gameRecord20231027','gameRecord20231204','gameRecord20231211','Schedule','gameRecord20230426','gameRecord20230524','gameRecord20231129','gameRecord20240104','gameRecord20230501','gameRecord20230506','gameRecord20240114','gameRecord20230124','gameRecord20230228','gameRecord20240130','gameRecord20230301','gameRecord20231017','gameRecord20230120','gameRecord20230128','gameRecord20230319','gameRecord20230624','gameRecord20230714','gameRecord20231229','gameRecord20230220','gameRecord20230726','gameRecord20231231','gameRecord20230201','gameRecord20230324','gameRecord20231026','gameRecord20230327','gameRecord20230111','gameRecord20230305','gameRecord20240205','gameRecord20230618','gameRecord20230830','gameRecord20230318','gameRecord20230407','gameRecord20230829','gameRecord20230320','gameRecord20230416','gameRecord20230422','gameRecord20231116','gameRecord20230104','gameRecord20231007','gameRecord20231103','gameRecord20240105','gameRecord20240214','gameRecord20240110','cashOutRecord','gameRecord20230209','gameRecord20230710','gameRecord20240215','gameRecord20230713','gameRecord20231209','gameRecord20230412','gameRecord20230728','gameRecord20240117','gameRecord20231006','gameRecord20230102','gameRecord20230521','gameRecord20240223','gameRecord20230312','gameRecord20230611','gameRecord20230630','gameRecord20231031','gameRecord20231121','gameRecord20231125','gameRecord20230607','gameRecord20231012','gameRecord20231226','gameRecord20230221','gameRecord20230310','gameRecord20230602','gameRecord20230823','gameRecord20230114','gameRecord20230510','gameRecord20231101','gameRecord20231207','gameRecord20240124','gameRecord20240127','gameRecord20240131','gameRecord20240203','gameRecord20240219','gameRecord20230912','gameRecord20230219','gameRecord20230304','gameRecord20230401','gameRecord20230421','gameRecord20230620','gameRecord20230711','gameRecord20230810','gameRecord20231030','gameRecord20230222','gameRecord20230302','gameRecord20230520','gameRecord20230828','gameRecord20230528','gameRecord20230626','gameRecord20240121','gameRecord20231127','gameRecord20230325','gameRecord20230923','gameRecord20230227','gameRecord20230606','gameRecord20240302','gameRecord20230531','gameRecord20230623','gameRecord20230425','gameRecord20240208','gameRecord20230101','gameRecord20230109','gameRecord20230406','gameRecord20230825','gameRecord20231111','gameRecord20230226','gameRecord20231009','gameRecord20231225','gameRecord20230331','gameRecord20231004','gameRecord20230604','gameRecord20230317','gameRecord20230516','gameRecord20230818','gameRecord20230820','gameRecord20231112','gameRecord20230125','gameRecord20230203','gameRecord20230205','gameRecord20231003','gameRecord20231010','gameRecord20230218','gameRecord20230616','gameRecord20230429','gameRecord20240204','gameRecord20240221','gameRecord20230901','gameRecord20231118','gameRecord20230309','gameRecord20230603','gameRecord20230821','gameRecord20230928','gameRecord20230303','gameRecord20230529','gameRecord20230619','gameRecord20230628','gameRecord20230721','gameRecord20230922','gameRecord20230930','gameRecord20231224','gameRecord20240116','gameRecord20230110','gameRecord20230405','gameRecord20240103','orderRecord','gameRecord20230121','gameRecord20230519','gameRecord20231114','gameRecord20230326','gameRecord20230715','gameRecord20231015','gameRecord20240109','gameRecord20230418','gameRecord20230612','gameRecord20231008','gameRecord20240106','gameRecord20230208','gameRecord20230720','gameRecord20230204','gameRecord20240229','gameRecord20230902','gameRecord20230419','gameRecord20230514','gameRecord20230719','gameRecord20240115','gameRecord20230122','gameRecord20230415','gameRecord20231220','gameRecord20230522','gameRecord20240119','gameRecord20240218','gameRecord20230911','gameRecord20231227','gameRecord20231230','gameRecord20230805','gameRecord20231109','gameRecord20230214','gameRecord20230722','gameRecord20231005','gameRecord20230601','gameRecord20231022','gameRecord20230115','gameRecord20230511','gameRecord20240118','gameRecord20231025','gameRecord20231117','gameRecord20230107','gameRecord20230123','gameRecord20230126','gameRecord20240207','gameRecord20231130','gameRecord20231110','gameRecord20230904','gameRecord20230704','gameRecord20231106','gameRecord20230105','gameRecord20230321','gameRecord20231120','gameRecord20231215','gameRecord20230504','gameRecord20230803','gameRecord20230907','gameRecord20230921','gameRecord20230502','gameRecord20231214','gameRecord20231221','gameRecord20231029','gameRecord20230614','gameRecord20230716','gameRecord20231028','gameRecord20231202','restatic','gameRecord20230814','gameRecord20230910','gameRecord20230223','gameRecord20230831','gameRecord20231018','gameRecord20230311','gameRecord20230705','gameRecord20231210','gameRecord20231216','gameRecord20230505','gameRecord20240129','gameRecord20230206','gameRecord20230409','gameRecord20230420','gameRecord20240303','gameRecord20231115','gameRecord20230917','gameRecord20231024','gameRecord20240225','gameRecord20231013','gameRecord20231108','gameRecord20230926','gameRecord20231023','gameRecord20231128','gameRecord20231206','gameRecord20231218','gameRecord20230507','gameRecord20230702','gameRecord20230202','gameRecord20230207','gameRecord20230518','gameRecord20231102','gameRecord20230430','gameRecord20230526','gameRecord20230622','gameRecord20240209','gameRecord20230727','gameRecord20230108','gameRecord20240122','gameRecord20230225','gameRecord20230610','gameRecord20230708','gameRecord20230731','gameRecord20230527','gameRecord20230819','gameRecord20230929','gameRecord20231124','gameRecord20240113','gameRecord20230307','gameRecord20230410','gameRecord20230918','gameRecord20231014','gameRecord20230629','gameRecord20230725','gameRecord20230718','gameRecord20240210','gameRecord20240112','gameRecord20230112','gameRecord20230129','gameRecord20230427','gameRecord20230503','gameRecord20230817','betlist','gameRecord20240224','gameRecord20231123','gameRecord20231205','gameRecord20231213','gameRecord20230423','gameRecord20230826','gameRecord20230909','gameRecord20230801','gameRecord20231002','gameRecord20231212','gameRecord20230224','gameRecord20230428','gameRecord20230808','gameRecord20230130','gameRecord20230809','gameRecord20230131','gameRecord20230517','gameRecord20230709','gameRecord20240228','gameRecord20230613','gameRecord20230313','gameRecord20230706','gameRecord20240227','gameRecord20230908','gameRecord20231217','gameRecord20230802','gameRecord20230811','gameRecord20230525','gameRecord20240211','gameRecord20231219','gameRecord20231223','gameRecord20230217','gameRecord20240226','gameRecord20230827','gameRecord20231222','gameRecord20230509','gameRecord20230723','gameRecord20230916','gameRecord20231011','gameRecord20230417','gameRecord20230707','gameRecord20240212','gameRecord20230330','gameRecord20230806','gameRecord20230903','gameRecord20230414','gameRecord20230816','gameRecord20231020','gameRecord20231228','gameRecord20230608','gameRecord20231016','gameRecord20240126','gameRecord20230523','gameRecord20231113','gameRecord20230424','gameRecord20230730','gameRecord20240201','gameRecord20230813','gameRecord20230906','gameRecord20231001','gameRecord20231119','gameRecord20230717','gameRecord20240120','gameRecord20230116','gameRecord20230119','gameRecord20230308','gameRecord20240202','gameRecord20231208','gameRecord20230703','gameRecord20230103','gameRecord20230413','gameRecord20230513','gameRecord20240206','gameRecord20240216','gameRecord20230822','gameRecord20230913','gameRecord20230113','gameRecord20230404','gameRecord20230815','gameRecord20230315','gameRecord20230627','gameRecord20240125','gameRecord20240301','gameRecord20230117','gameRecord20230127','gameRecord20240217','gameRecord20230322','gameRecord20230617')
ORDER BY TableSchema DESC, TableName DESC;",2024-03-03T15:11:00.701389Z
2#815009969545#3307386367382545559#slow#1709478556256037000#0000000000d73b72-0@a6,23-10267614-10bf-4724-9c3d-9c0e997ddc84,52,666461666432613437323163663534342d313163,projects/project-kyz-product/logs/cloudsql.googleapis.com%2Fmysql-slow.log,,2024-03-03T15:09:18.138448544Z,project-kyz-product:mysql-m-z-prod,project-kyz-product,asia-east2,cloudsql_database,"# Time: 2024-03-03T15:09:17.168907Z
# User@Host: root[root] @ localhost []  thread_id: 1172437  server_id: 4004008285
# Query_time: 81.202147  Lock_time: 0.001671 Rows_sent: 29334  Rows_examined: 657227
SET timestamp=1709478557;
SELECT
  t.TABLE_SCHEMA AS TableSchema,
  t.TABLE_NAME AS TableName,
  t.TABLE_TYPE AS TableType,
  t.TABLE_COMMENT AS TableDescription,
  c.COLUMN_NAME AS ColumnName,
  c.COLUMN_COMMENT AS ColumnDescription,
  c.DATA_TYPE AS ColumnDataType,
  c.IS_NULLABLE AS ColumnIsNullable
FROM information_schema.columns c
JOIN information_schema.tables t
  ON (t.TABLE_NAME = c.TABLE_NAME AND t.TABLE_SCHEMA = c.TABLE_SCHEMA)
WHERE t.TABLE_SCHEMA IN ('fknn_record','fivestars_record','finance_manage','fgsz_record')
  AND t.TABLE_NAME IN ('gameRecord20240110','gameRecord20230129','gameRecord20230529','gameRecord20230530','gameRecord20231108','gameRecord20231202','gameRecord20230102','gameRecord20230218','gameRecord20230320','gameRecord20230811','gameRecord20230828','gameRecord20240215','gameRecord20230118','finance_sportdielivery_list','gameRecord20240105','gameRecord20240224','gameRecord20230419','finance_currency','gameRecord20230707','gameRecord20230201','gameRecord20230216','gameRecord20230415','gameRecord20230520','gameRecord20230708','gameRecord20230109','gameRecord20230628','gameRecord20240118','gameRecord20240204','gameRecord20230417','gameRecord20240212','gameRecord20230308','gameRecord20230815','gameRecord20231003','gameRecord20231125','gameRecord20240120','gameRecord20240130','gameRecord20231221','gameRecord20240102','gameRecord20230130','gameRecord20230802','gameRecord20230825','gameRecord20231203','gameRecord20230503','gameRecord20230703','gameRecord20230816','gameRecord20231210','gameRecord20240131','gameRecord20230830','gameRecord20240205','gameRecord20230614','gameRecord20230705','gameRecord20231124','gameRecord20230210','gameRecord20230406','gameRecord20230523','gameRecord20230514','gameRecord20230521','gameRecord20230726','gameRecord20230827','gameRecord20231027','gameRecord20240119','gameRecord20230501','gameRecord20230901','gameRecord20230918','gameRecord20230125','gameRecord20240213','gameRecord20230113','gameRecord20230402','gameRecord20240122','gameRecord20230505','finance_sportdielivery_detail','gameRecord20230711','finance_log','gameRecord20230908','gameRecord20231130','gameRecord20231222','gameRecord20230223','gameRecord20230506','gameRecord20231231','gameRecord20230116','gameRecord20230207','gameRecord20230418','gameRecord20230620','finance_dielivery_list1','gameRecord20230831','gameRecord20231017','gameRecord20231020','gameRecord20240126','gameRecord20230311','gameRecord20231103','gameRecord20230518','gameRecord20231024','gameRecord20230101','gameRecord20230115','gameRecord20230425','gameRecord20240221','gameRecord20230411','gameRecord20230522','gameRecord20230305','gameRecord20230517','gameRecord20230617','gameRecord20230819','gameRecord20231010','gameRecord20230309','gameRecord20230414','gameRecord20230511','gameRecord20230919','gameRecord20231220','gameRecord20240225','gameRecord20230111','gameRecord20230812','gameRecord20231105','gameRecord20230212','gameRecord20230519','finance_agent_money','gameRecord20230925','gameRecord20231031','gameRecord20230204','gameRecord20231209','gameRecord20230107','gameRecord20230112','gameRecord20230221','gameRecord20230810','gameRecord20240115','gameRecord20230131','gameRecord20230307','gameRecord20230507','gameRecord20230510','gameRecord20230723','gameRecord20231014','gameRecord20240127','gameRecord20240129','gameRecord20240208','gameRecord20230609','gameRecord20230222','gameRecord20230126','gameRecord20230220','gameRecord20230316','gameRecord20240206','gameRecord20240217','gameRecord20230303','gameRecord20230328','gameRecord20230629','gameRecord20230712','gameRecord20231213','gameRecord20230310','gameRecord20240222','gameRecord20230613','gameRecord20230904','gameRecord20231026','gameRecord20231114','gameRecord20231211','gameRecord20240209','gameRecord20230710','gameRecord20240125','gameRecord20230524','gameRecord20231201','gameRecord20231113','gameRecord20240117','gameRecord20230623','gameRecord20230826','gameRecord20240211','gameRecord20230526','gameRecord20231117','gameRecord20231212','gameRecord20230403','gameRecord20230730','gameRecord20231119','gameRecord20240303','gameRecord20230702','gameRecord20230930','gameRecord20231115','gameRecord20240123','gameRecord20230117','gameRecord20230426','gameRecord20230704','finance_dielivery_detail','gameRecord20230806','gameRecord20231013','gameRecord20240220','gameRecord20230205','gameRecord20230322','gameRecord20230714','gameRecord20230821','gameRecord20240112','gameRecord20230104','gameRecord20231128','gameRecord20240210','gameRecord20230119','gameRecord20230128','gameRecord20230409','gameRecord20230203','gameRecord20230215','gameRecord20230219','gameRecord20230716','gameRecord20240227','gameRecord20230512','gameRecord20230603','gameRecord20230803','gameRecord20230213','gameRecord20230327','gameRecord20230615','gameRecord20240214','gameRecord20240302','gameRecord20230429','finance_income_info','gameRecord20230412','gameRecord20230606','finance_sys_currency','gameRecord20230725','gameRecord20230801','gameRecord20230913','gameRecord20230106','gameRecord20230123','gameRecord20231112','gameRecord20231217','gameRecord20230621','gameRecord20231215','gameRecord20230323','gameRecord20230601','gameRecord20230719','gameRecord20230929','gameRecord20231218','gameRecord20230226','gameRecord20230315','gameRecord20230625','gameRecord20230813','gameRecord20230920','gameRecord20231102','gameRecord20230225','gameRecord20230420','gameRecord20230829','gameRecord20230926','gameRecord20230907','gameRecord20230209','gameRecord20230211','gameRecord20230706','gameRecord20230715','gameRecord20230630','gameRecord20230911','gameRecord20231006','gameRecord20231111','gameRecord20240109','gameRecord20230408','gameRecord20230906','gameRecord20231019','gameRecord20231123','gameRecord20230124','finance_agent_level_info','gameRecord20231229','gameRecord20230312','gameRecord20230917','gameRecord20240301','gameRecord20230202','gameRecord20230319','gameRecord20230818','gameRecord20231230','gameRecord20240219','gameRecord20240108','gameRecord20240121','gameRecord20230317','gameRecord20230618','gameRecord20231015','gameRecord20230525','gameRecord20230709','gameRecord20230909','gameRecord20240104','gameRecord20230326','gameRecord20230513','gameRecord20230927','gameRecord20240203','gameRecord20230330','gameRecord20230727','gameRecord20230912','gameRecord20231001','gameRecord20230105','gameRecord20230120','gameRecord20230508','gameRecord20231204','finance_YLdelivery_list','gameRecord20230720','gameRecord20230804','gameRecord20230822','gameRecord20231025','gameRecord20230405','gameRecord20231022','gameRecord20231223','gameRecord20230626','gameRecord20231118','gameRecord20230110','gameRecord20230324','gameRecord20230701','gameRecord20230624','gameRecord20230731','gameRecord20231021','gameRecord20231101','gameRecord20230122','gameRecord20230427','gameRecord20230915','gameRecord20230928','gameRecord20231116','gameRecord20230313','gameRecord20230329','gameRecord20230808','gameRecord20231228','gameRecord20231104','gameRecord20231126','gameRecord20240113','gameRecord20230413','gameRecord20230627','gameRecord20230108','gameRecord20230325','gameRecord20230516','gameRecord20231205','gameRecord20240106','gameRecord20240216','gameRecord20230509','gameRecord20230607','gameRecord20231219','gameRecord20230206','gameRecord20230208','gameRecord20231002','gameRecord20240229','gameRecord20230114','gameRecord20230407','gameRecord20230612','gameRecord20240226','special_agent_manage','gameRecord20230717','gameRecord20231018','gameRecord20231005','gameRecord20231129','gameRecord20230127','gameRecord20230421','gameRecord20230611','gameRecord20231127','gameRecord20230217','gameRecord20230502','finance_income_report','gameRecord20230713','gameRecord20231008','gameRecord20231227','gameRecord20230304','gameRecord20230428','gameRecord20230619','gameRecord20230724','gameRecord20230923','gameRecord20231009','gameRecord20230817','gameRecord20231122','gameRecord20240124','gameRecord20240223','gameRecord20230604','gameRecord20230722','gameRecord20240201','gameRecord20231030','gameRecord20231109','gameRecord20230728','gameRecord20231207','gameRecord20240202','gameRecord20230227','gameRecord20230616','gameRecord20230905','gameRecord20231007','gameRecord20231029','gameRecord20231121','gameRecord20230605','gameRecord20230318','gameRecord20230610','finance_dielivery_list','gameRecord20230809','gameRecord20231012','gameRecord20231023','gameRecord20231226','gameRecord20240101','gameRecord20230721','gameRecord20231011','gameRecord20231016','gameRecord20231106','gameRecord20231107','gameRecord20230504','gameRecord20240111','gameRecord20230430','finance_receive_info','gameRecord20230302','gameRecord20230422','gameRecord20230528','gameRecord20230910','gameRecord20231216','gameRecord20230922','gameRecord20231224','gameRecord20230228','gameRecord20230401','gameRecord20230410','gameRecord20230903','gameRecord20240107','gameRecord20240114','gameRecord20230823','gameRecord20231028','gameRecord20230314','gameRecord20230820','gameRecord20231206','gameRecord20231225','gameRecord20240103','gameRecord20240116','gameRecord20231120','gameRecord20230306','gameRecord20230805','gameRecord20230103','gameRecord20230121','gameRecord20230622','gameRecord20231208','gameRecord20230608','finance_dielivery_detail1','gameRecord20230214','finance_agent_level_manage','gameRecord20230924','gameRecord20240207','gameRecord20230404','gameRecord20230718','gameRecord20230814','gameRecord20231110','gameRecord20230527','gameRecord20230824','gameRecord20230914','gameRecord20230531','gameRecord20230902','gameRecord20230916','gameRecord20230321','gameRecord20231004','gameRecord20231214','gameRecord20240128','gameRecord20230416','gameRecord20230602','gameRecord20230729','gameRecord20230807','gameRecord20230301','gameRecord20230423','gameRecord20230515','gameRecord20240218','gameRecord20230331','gameRecord20230424','finance_YLdelivery_detail','gameRecord20230921','gameRecord20240228','gameRecord20230224')
ORDER BY TableSchema DESC, TableName DESC;",2024-03-03T15:09:17.168907Z
2#815009969545#3307386367382545559#slow#1709478465254320000#0000000000d5e023-0@a2,23-10267614-10bf-4724-9c3d-9c0e997ddc84,52,666461666432613437323163663534342d313163,projects/project-kyz-product/logs/cloudsql.googleapis.com%2Fmysql-slow.log,,2024-03-03T15:07:47.280401794Z,project-kyz-product:mysql-m-z-prod,project-kyz-product,asia-east2,cloudsql_database,"# Time: 2024-03-03T15:07:45.903445Z
# User@Host: root[root] @ localhost []  thread_id: 1172437  server_id: 4004008285
# Query_time: 102.010693  Lock_time: 0.017337 Rows_sent: 33487  Rows_examined: 665844
SET timestamp=1709478465;
SELECT
  t.TABLE_SCHEMA AS TableSchema,
  t.TABLE_NAME AS TableName,
  t.TABLE_TYPE AS TableType,
  t.TABLE_COMMENT AS TableDescription,
  c.COLUMN_NAME AS ColumnName,
  c.COLUMN_COMMENT AS ColumnDescription,
  c.DATA_TYPE AS ColumnDataType,
  c.IS_NULLABLE AS ColumnIsNullable
FROM information_schema.columns c
JOIN information_schema.tables t
  ON (t.TABLE_NAME = c.TABLE_NAME AND t.TABLE_SCHEMA = c.TABLE_SCHEMA)
WHERE t.TABLE_SCHEMA IN ('game_record','game_manage','game_api','forestparty_record','fknn_record','gflower_record','game_statistics')
  AND t.TABLE_NAME IN ('gameRecord20230609','online_game','player_dayrecord_220','CardGameParameter_temp','gameRecord20230430','gamerecord_fivestars_old2','gameRecord20230108','gameRecord20240123','gameRecord20240222','statistics_record_agent_lineinfo_rooms','gamerecord_erren_old2','gameRecord20230824','gameRecord20231006','gameRecord20231129','gameRecord20231227','player_dayrecord_880','gameRecord20230424','gamerecord_mp_tsgp','gamerecord_zjn_old2','gameRecord20230428','gameRecord20231117','gamerecord_ddz','gamerecord_ga_sft','gamerecord_jsbjl_old2','gameRecord20240121','gameRecord20240303','CardInlineSync_temp','gamerecord_qzpj','gameRecord20231011','gameRecord20231230','view_player_dayrecord','gameRecord20230515','gameRecord20230926','gameRecord20230802','online_room','gamerecord_bjl_old2','gamerecord_sgj','gamerecord_ssbjl','gamerecord_wfsb','gameRecord20230705','gameRecord20231122','gamerecord_forestparty','gamerecord_mp_dzpk','gamerecord_mp_zjh','rp_power','rp_user','gameRecord20230210','gameRecord20230905','gameRecord20231030','gameRecord20231215','gamerecord_holdem_old2','gamerecord_zjn','gameRecord20240223','gameRecord20230220','gameRecord20230309','gameRecord20230627','gameRecord20230810','gameRecord20231110','gameRecord20231203','gamerecord_dtnn','gamerecord_mp_sd','gameRecord20230402','gameRecord20230704','gameRecord20230816','statistics_feedback','gamerecord_hongb_old2','gamerecord_hzmj_old2','orders','gameRecord20240202','gamerecord_mp_lm','gameRecord20230101','gameRecord20230823','gamerecord_qzpj_old2','agent_address','gameRecord20231207','gameRecord20230110','gameRecord20230313','gameRecord20230117','gameRecord20230322','gameRecord20230618','gameRecord20240103','statistics_login_room_old2','gamerecord_ga_kt','gamerecord_hhdz_old2','gamerecord_gflower_old2','gameRecord20230221','gameRecord20230614','externalVendorOrder','gamerecord_aof','gamerecord_black','gamerecord_brtb','gameRecord20230622','gamerecord_black_old2','gamerecord_dcpk_old2','gamerecord_holdem','gamerecord_mp_dmnqq','gameRecord20231219','player_dayrecord_390','gamerecord_mp_yxx','gameRecord20230624','gameRecord20240118','gamerecord_fivestars','gameRecord20230415','gameRecord20230703','gameRecord20231109','gameRecord20231120','gameRecord20240107','gameRecord20240113','gamerecord_csby_old2','gameRecord20230909','gameRecord20231010','gameRecord20240131','online_room_copy','player_dayrecord_510','statistics_record_agent_lineinfo_games','statistics_record_agent_all','gamerecord_bycs_old2','gameRecord20230605','gameRecord20230907','gameRecord20231231','gameRecord20240201','gamerecord_ga_bnf','player_pet','gamerecord_fgsz','fbAccountMapping','gameRecord20230511','gameRecord20231222','player_dayrecord_1990','gamerecord_erddz_old2','gameRecord20230617','gameRecord20231126','agent_sportInfo','gameRecord20230417','gamerecord_kyxzdd_old2','single_orders','gameRecord20230731','gameRecord20240205','gamerecord_wrzjh','gameRecord20230105','gameRecord20230716','player_dayrecord_1355','gameRecord20230208','gameRecord20230223','gameRecord20230429','gamerecord_erba','orders_fail','gameRecord20230106','gameRecord20230118','gameRecord20240114','gameRecord20240115','player_dayrecord_1660','player_dayrecord_1810','gameRecord20230713','gameRecord20230325','gameRecord20230814','online_game_all','statistics_login_game_old2','gamerecord_hbby_old2','gameRecord20230304','gameRecord20230722','gamerecord_aof_old2','gamerecord_qznn','gameRecord20230310','gameRecord20230629','gameRecord20231201','gameRecord20240208','gamerecord_jsgflower_old2','gameRecord20230317','gameRecord20230314','gameRecord20230805','gameRecord20230914','gameRecord20231103','gameRecord20231130','player_dayrecord_730','gameRecord20230120','gameRecord20230929','gameRecord20240225','player_dayrecord_1960','gamerecord_xlch_old2','gameRecord20230308','gameRecord20231224','gamerecord_xlch','gameRecord20230330','gameRecord20231012','gameRecord20240227','player_dayrecord_630','gamerecord_mp_dj','gameRecord20230827','gameRecord20230123','gameRecord20230312','gameRecord20240110','gamerecord_jqyq','gameRecord20230326','gameRecord20231007','playerInfos','gameRecord20230214','gameRecord20230524','gameRecord20230718','gameRecord20231105','gameRecord20231108','gameRecord20240211','gamerecord_sgj_old2','gameRecord20240129','player_dayrecord_1370','player_dayrecord_740','gamerecord_csby','gamerecord_hongb','orders_old2','gameRecord20230526','gameRecord20230727','gameRecord20231107','player_dayrecord_720','gamerecord_erren','gamerecord_hbby','gameRecord20230807','gameRecord20230404','gameRecord20230518','gameRecord20230708','gameRecord20231112','gameRecord20240212','player_dayrecord_1940','gameRecord20230114','gameRecord20230804','player_dayrecord_1101','gamerecord_mp_bjl','gameRecord20230419','gameRecord20230730','gameRecord20230812','gamerecord_qdy_old2','gamerecord_sd21','gamerecord_slm','gameRecord20230405','gameRecord20230825','gameRecord20231024','gameRecord20231101','gameRecord20240302','statistics_record_robotInfo','gameRecord20230111','gameRecord20230630','gameRecord20230721','gameRecord20230910','gameRecord20231029','gameRecord20231116','gamerecord_mp_tstb','gameRecord20230107','online_game_all_copy','gameRecord20230302','gameRecord20230628','gameRecord20230916','gameRecord20230820','gameRecord20230829','gameRecord20230922','gameRecord20230218','gameRecord20230412','gameRecord20230517','gameRecord20230702','gameRecord20230409','gameRecord20231225','player_dayrecord_930','gamerecord_brtb_old2','gameRecord20230103','gamerecord_jackpotbenz','gamerecord_jackpotbenz_old2','gamerecord_pdk_old2','gameRecord20230209','gameRecord20231125','gameRecord20231216','gameRecord20240220','player_dayrecord_910','gameRecord20230606','gameRecord20231020','gameRecord20240104','gameRecord20240214','gamerecord_jqyq_old2','gameRecord20231021','gameRecord20231022','gameRecord20231123','gameRecord20240215','gameRecord20230503','gameRecord20230706','gameRecord20230923','gameRecord20231218','statistics_login_hall','gamerecord_ybqznn','gameRecord20230418','gamerecord_xyzp_old2','gameRecord20230328','gameRecord20231019','gameRecord20231221','gameRecord20231226','player_dayrecord_1980','gamerecord_qznn_old2','gameRecord20230619','gameRecord20230801','gameRecord20230830','gameRecord20231213','gamerecord_kpqzsg','gamerecord_oslp','gamerecord_ybqznn_old2','gameRecord20230803','gameRecord20230821','gameRecord20240105','gamerecord_brnn','gameRecord20230216','gameRecord20230607','gameRecord20230129','gameRecord20230621','gameRecord20230925','gameRecord20240218','online_game_copy','player_dayrecord_1930','day_play_game','gameRecord20231013','gameRecord20240108','gameRecord20230205','gameRecord20230726','gameRecord20230806','gamerecord_mp_dm','gamerecord_mp_ft','gameRecord20230219','gameRecord20230529','statistics_login_room','gamerecord_ga_ph','gamerecord_sang','gameRecord20230530','gamerecord_bybk','gamerecord_hhdz','gamerecord_lkby','gameRecord20230611','gameRecord20240112','gamerecord_sbnn','gameRecord20230124','gameRecord20231015','gameRecord20231208','gameRecord20240203','gameRecord20230206','gameRecord20230724','gameRecord20230104','gameRecord20230323','gameRecord20230423','gameRecord20231113','gameRecord20231119','gameRecord20231214','gamerecord_pdk','gameRecord20230126','gameRecord20230130','gameRecord20230320','gameRecord20230401','gameRecord20231115','gamerecord_erddz','gamerecord_jdhh','gamerecord_mp_xylp','gamerecord_yydb','gameRecord20230122','gameRecord20230520','gameRecord20230831','player_dayrecord_890','gamerecord_goldenshark_old2','gamerecord_luckyfive','gamerecord_mp_dmn','gameRecord20230908','gameRecord20231023','gameRecord20230711','gameRecord20230921','gameRecord20230928','gameRecord20230207','gameRecord20230613','gameRecord20230615','gameRecord20231114','platformManager_info','gameRecord20230102','gameRecord20230121','gameRecord20230729','gameRecord20240127','player_dayrecord_1350','gamerecord_sss','gameRecord20230525','gamerecord_bwhb','gameRecord20230125','gameRecord20230305','gameRecord20230413','gameRecord20231211','gameRecord20231228','gameRecord20240102','gameRecord20240206','gameRecord20231008','gameRecord20231026','gameRecord20231127','gameRecord20240216','GameParameter_temp','gameRecord20230709','gameRecord20230904','gameRecord20231016','player_dayrecord_830','player_dayrecord_900','gameRecord20230504','gameRecord20230510','gamerecord_lh','agents','gameRecord20230113','gameRecord20230616','gameRecord20231217','player_dayrecord_8130','gamerecord_forestparty_old2','gamerecord_gflower','gameRecord20231003','gameRecord20231018','gamerecord_mp_bd','gameRecord20230407','gamerecord_dtnn_old2','gameRecord20230316','gameRecord20230626','gameRecord20230911','gamerecord_wfsb_old2','gameRecord20230411','gameRecord20231204','player_dayrecord_1970','statistics_record_rooms','CardUltimateSyncCO','gamerecord_lh_old2','orders_game_sys','gameRecord20230227','gameRecord20230406','gameRecord20240119','gameRecord20240209','gameRecord20240219','player_dayrecord_1850','gameRecord20230723','gameRecord20231004','gameRecord20231009','gameRecord20230912','gamerecord_goldenshark','gamerecord_yxhd','gameRecord20230513','gameRecord20230906','gameRecord20230211','gameRecord20230502','gameRecord20240226','player_dayrecord_1860','gamerecord_ga_hw','gameRecord20230203','gameRecord20230725','gameRecord20230809','player_dayrecord','statistics_record_agent_games','statistics_record_agent_rooms','gamerecord_slm_old2','gameRecord20240128','gameRecord20230109','gameRecord20230215','gameRecord20230425','gameRecord20230421','gameRecord20231017','gameRecord20231220','gameRecord20231223','player_dayrecord_860','gamerecord_xyzp','gameRecord20230625','gameRecord20230826','gameRecord20230903','gameRecord20231209','gameRecord20240117','gamerecord_jdhh_old2','gameRecord20230327','statistics_record_games','gamerecord_bjl','gamerecord_yxhd_old2','gameRecord20230307','gameRecord20230403','gameRecord20230505','gameRecord20230927','gameRecord20231111','gamerecord_dcpk','gamerecord_gswzp_old2','gameRecord20230212','gameRecord20240116','gameRecord20240207','gameRecord20230408','gameRecord20230422','gameRecord20230127','gameRecord20230217','gameRecord20230301','gameRecord20230303','gameRecord20231205','gamerecord_erba_old2','gamerecord_gswzp','gameRecord20230112','gameRecord20230707','gamerecord_brnn_old2','gamerecord_ddz_old2','gamerecord_ssbjl_old2','rp_module','gameRecord20231028','gameRecord20240130','gameRecord20240217','CardSyncBetOrderId_temp','gameRecord20230701','gameRecord20230315','gameRecord20230602','gameRecord20230813','gameRecord20231001','gamerecord_lkby_old2','gamerecord_mp_ydzjh','gamerecord_tbnn','gameRecord20230225','player_dayrecord_600','statistics_record_agent_lineinfo_all','gamerecord_qdy','gameRecord20230819','player_dayrecord_230','gamerecord_mp_tsdzpk','gamerecord_mzjc','gamerecord_yxx','gameRecord20230213','gameRecord20230523','gameRecord20231202','gameRecord20231212','player_dayrecord_650','statistics_login_hall_old2','gameRecord20230815','gameRecord20231229','statistics_quick_game','gamerecord_cyby_old2','gamerecord_sbnn_old2','gameRecord20230901','gameRecord20230915','gameRecord20230521','gameRecord20231005','gameRecord20240301','UltimateSyncCO','gameRecord20230119','gameRecord20230311','gameRecord20240109','gameRecord20240213','gamerecord_jsbjl','gameRecord20230930','gamerecord_mp_pk','gameRecord20230116','gameRecord20231210','gameRecord20240101','player_dayrecord_0','gamerecord_oslp_old2','disIps','gameRecord20230201','gameRecord20230224','gameRecord20230416','gameRecord20240106','gameRecord20240221','online_game_copy1','gamerecord_kpqzsg_old2','gameRecord20230324','gameRecord20230507','gameRecord20230601','player_dayrecord_380','statistics_accountList','statistics_record_all','gamerecord_xztb','gameRecord20230228','gameRecord20230306','gamerecord_bybk_old2','rp_role','orders_sys','gameRecord20230131','gamerecord_bwhb_old2','gamerecord_mp_bj21','gamerecord_mp_lhd','gamerecord_yxx_old2','gameRecord20231206','gameRecord20240228','player_dayrecord_870','statistics_account_sites','gameRecord20230420','gameRecord20230811','gameRecord20230528','gameRecord20230714','gamerecord_mp_fkpk','gamerecord_sss_old2','gameRecord20230506','gameRecord20230608','gameRecord20240125','player_dayrecord_610','player_dayrecord_620','player_dayrecord_920','gameRecord20230623','gameRecord20230817','player_dayrecord_1690','statistics_login_game','rp_role_copy','gameRecord20230115','gameRecord20230319','gameRecord20230720','gameRecord20240120','gamerecord_fknn_old2','gamerecord_mzjc_old2','gamerecord_wrzjh_old2','gameRecord20230808','gameRecord20230920','gameRecord20230226','gameRecord20230917','gameRecord20231014','player_dayrecord_1610','gamerecord_cyby','gamerecord_jsgflower','gameRecord20230710','gameRecord20231002','gameRecord20231124','gameRecord20240210','gameRecord20230321','gameRecord20230918','gamerecord_yydb_old2','gameRecord20230522','gameRecord20230712','gameRecord20230514','gameRecord20230620','gameRecord20231118','gameRecord20240229','gamerecord_tbnn_old2','accounts','player_dayrecord_1890','gamerecord_mp_qznn','gameRecord20230318','gameRecord20230508','gamerecord_xztb_old2','gameRecord20230414','gameRecord20230717','gameRecord20240122','gamerecord_luckyfive_old2','gamerecord_mpnn_old2','gamerecord_sang_old2','gameRecord20230610','gameRecord20230913','gameRecord20231027','gameRecord20231106','player_dayrecord_1950','gamerecord_zjdp','gameRecord20230202','gameRecord20230828','gameRecord20240204','gameRecord20230204','gameRecord20230519','gameRecord20230728','gameRecord20240124','statistics_agent_hall','gameRecord20230128','gameRecord20230426','gameRecord20240111','gameRecord20230509','gameRecord20230822','gameRecord20231025','rp_power_copy','gameRecord20230531','gameRecord20230818','gameRecord20230501','gameRecord20230719','gameRecord20240126','gameRecord20240224','gameRecord20230222','gameRecord20230427','gameRecord20230331','gameRecord20230410','gameRecord20231031','gameRecord20231121','InlineSync_temp','gamerecord_mp_kt','gamerecord_mp_zd13','gameRecord20230512','gameRecord20230527','gameRecord20230604','gameRecord20231102','gameRecord20231128','SyncBetOrderId_temp','gamerecord_fknn','gameRecord20230715','gameRecord20230902','gameRecord20231104','gamerecord_kyxzdd','gamerecord_mpnn','gameRecord20230603','gameRecord20230612','gameRecord20230919','gameRecord20230924','gamerecord_bycs','gamerecord_fgsz_old2','externalVendorAccountMapping','gameRecord20230329','gamerecord_hzmj','gameRecord20230516')
ORDER BY TableSchema DESC, TableName DESC;",2024-03-03T15:07:45.903445Z
2#815009969545#3307386367382545559#slow#1709478353790337000#0000000000d49a84-0@a1,23-10267614-10bf-4724-9c3d-9c0e997ddc84,52,666461666432613437323163663534342d313163,projects/project-kyz-product/logs/cloudsql.googleapis.com%2Fmysql-slow.log,,2024-03-03T15:05:55.038870368Z,project-kyz-product:mysql-m-z-prod,project-kyz-product,asia-east2,cloudsql_database,"# Time: 2024-03-03T15:05:53.790337Z
# User@Host: root[root] @ localhost []  thread_id: 1172437  server_id: 4004008285
# Query_time: 129.270539  Lock_time: 0.002577 Rows_sent: 30816  Rows_examined: 660243
SET timestamp=1709478353;
SELECT
  t.TABLE_SCHEMA AS TableSchema,
  t.TABLE_NAME AS TableName,
  t.TABLE_TYPE AS TableType,
  t.TABLE_COMMENT AS TableDescription,
  c.COLUMN_NAME AS ColumnName,
  c.COLUMN_COMMENT AS ColumnDescription,
  c.DATA_TYPE AS ColumnDataType,
  c.IS_NULLABLE AS ColumnIsNullable
FROM information_schema.columns c
JOIN information_schema.tables t
  ON (t.TABLE_NAME = c.TABLE_NAME AND t.TABLE_SCHEMA = c.TABLE_SCHEMA)
WHERE t.TABLE_SCHEMA IN ('gswzp_record','goldenshark_record','gflower_record')
  AND t.TABLE_NAME IN ('gameRecord20230718','gameRecord20230802','gameRecord20230913','gameRecord20231109','gameRecord20240117','gameRecord20230219','gameRecord20230323','gameRecord20230419','gameRecord20230818','gameRecord20231011','gameRecord20231106','gameRecord20230501','gameRecord20230815','gameRecord20231231','gameRecord20230220','gameRecord20230405','gameRecord20230525','gameRecord20230901','gameRecord20240124','gameRecord20230412','gameRecord20230926','gameRecord20240216','gameRecord20230726','gameRecord20231028','gameRecord20230108','gameRecord20230314','gameRecord20230317','gameRecord20231111','gameRecord20240214','gameRecord20230215','gameRecord20230812','gameRecord20231220','gameRecord20230112','gameRecord20230407','gameRecord20230531','gameRecord20230801','gameRecord20231129','gameRecord20230209','gameRecord20230828','gameRecord20230930','gameRecord20230707','gameRecord20231030','gameRecord20230608','gameRecord20240118','gameRecord20230414','gameRecord20230423','gameRecord20230703','gameRecord20230509','gameRecord20230130','gameRecord20230120','gameRecord20230430','gameRecord20230731','gameRecord20231002','gameRecord20231015','gameRecord20230719','gameRecord20231103','gameRecord20231215','gameRecord20231229','gameRecord20231230','gameRecord20230212','gameRecord20230521','gameRecord20230919','gameRecord20240222','gameRecord20230213','gameRecord20230224','gameRecord20230516','gameRecord20231008','gameRecord20230327','gameRecord20231105','gameRecord20230824','gameRecord20231027','gameRecord20231104','gameRecord20231204','gameRecord20230512','gameRecord20230713','gameRecord20231003','gameRecord20231016','gameRecord20230116','gameRecord20231115','gameRecord20230107','gameRecord20230528','gameRecord20230617','gameRecord20231214','gameRecord20240101','gameRecord20230303','gameRecord20230322','gameRecord20230330','gameRecord20230910','gameRecord20240224','gameRecord20230228','gameRecord20230308','gameRecord20230321','gameRecord20240204','gameRecord20230513','gameRecord20230131','gameRecord20230328','gameRecord20230817','gameRecord20230902','gameRecord20240106','gameRecord20240113','gameRecord20230218','gameRecord20230106','gameRecord20231216','gameRecord20230627','gameRecord20230903','gameRecord20230927','gameRecord20231102','gameRecord20240225','gameRecord20230720','gameRecord20230804','gameRecord20231209','gameRecord20240102','gameRecord20240104','gameRecord20230114','gameRecord20230206','gameRecord20230304','gameRecord20230320','gameRecord20230810','gameRecord20231126','gameRecord20230424','gameRecord20230428','gameRecord20230922','gameRecord20231123','gameRecord20230222','gameRecord20230517','gameRecord20230921','gameRecord20240108','gameRecord20230315','gameRecord20230316','gameRecord20230506','gameRecord20230128','gameRecord20230618','gameRecord20230625','gameRecord20230823','gameRecord20230502','gameRecord20230729','gameRecord20230911','gameRecord20240226','gameRecord20240227','gameRecord20230415','gameRecord20230620','gameRecord20230825','gameRecord20240121','gameRecord20230413','gameRecord20230602','gameRecord20230813','gameRecord20230820','gameRecord20231108','gameRecord20240208','gameRecord20230227','gameRecord20231226','gameRecord20230119','gameRecord20230126','gameRecord20230127','gameRecord20230406','gameRecord20230612','gameRecord20230614','gameRecord20230816','gameRecord20230929','gameRecord20231005','gameRecord20231125','gameRecord20231205','gameRecord20240207','gameRecord20230101','gameRecord20230204','gameRecord20230604','gameRecord20230814','gameRecord20231202','gameRecord20230211','gameRecord20230609','gameRecord20230118','gameRecord20230309','gameRecord20231208','gameRecord20231222','gameRecord20230124','gameRecord20230808','gameRecord20231021','gameRecord20230326','gameRecord20230708','gameRecord20230216','gameRecord20230503','gameRecord20230623','gameRecord20230722','gameRecord20230730','gameRecord20230819','gameRecord20231001','gameRecord20240127','gameRecord20230505','gameRecord20230518','gameRecord20231122','gameRecord20240203','gameRecord20240119','gameRecord20230425','gameRecord20230629','gameRecord20231211','gameRecord20230307','gameRecord20230611','gameRecord20230621','gameRecord20231010','gameRecord20230511','gameRecord20230530','gameRecord20230603','gameRecord20231110','gameRecord20240229','gameRecord20230214','gameRecord20230226','gameRecord20230520','gameRecord20230616','gameRecord20240126','gameRecord20230318','gameRecord20230806','gameRecord20240301','gameRecord20230809','gameRecord20230924','gameRecord20231012','gameRecord20230221','gameRecord20240114','gameRecord20240220','gameRecord20230105','gameRecord20240115','gameRecord20230113','gameRecord20230822','gameRecord20231130','gameRecord20231219','gameRecord20240120','gameRecord20230916','gameRecord20230711','gameRecord20231121','gameRecord20231221','gameRecord20230721','gameRecord20240131','gameRecord20230223','gameRecord20230301','gameRecord20231029','gameRecord20231116','gameRecord20240211','gameRecord20230727','gameRecord20231227','gameRecord20230601','gameRecord20230908','gameRecord20230928','gameRecord20231026','gameRecord20231114','gameRecord20231201','gameRecord20240219','gameRecord20230111','gameRecord20230205','gameRecord20230515','gameRecord20230714','gameRecord20231112','gameRecord20230210','gameRecord20230831','gameRecord20230311','gameRecord20230717','gameRecord20230725','gameRecord20231006','gameRecord20231212','gameRecord20231223','gameRecord20230207','gameRecord20230706','gameRecord20240223','gameRecord20230416','gameRecord20230724','gameRecord20230313','gameRecord20230411','gameRecord20230510','gameRecord20230715','gameRecord20230728','gameRecord20230925','gameRecord20231017','gameRecord20231023','gameRecord20240210','gameRecord20230409','gameRecord20231210','gameRecord20240201','gameRecord20230208','gameRecord20230117','gameRecord20230408','gameRecord20230522','gameRecord20231213','gameRecord20240218','gameRecord20230104','gameRecord20230704','gameRecord20230920','gameRecord20230103','gameRecord20230325','gameRecord20231206','gameRecord20240209','gameRecord20230905','gameRecord20231228','gameRecord20240221','gameRecord20240130','gameRecord20230912','gameRecord20230217','gameRecord20230225','gameRecord20230507','gameRecord20230610','gameRecord20230915','gameRecord20230923','gameRecord20231120','gameRecord20231024','gameRecord20231004','gameRecord20240303','gameRecord20231007','gameRecord20240107','gameRecord20240212','gameRecord20230417','gameRecord20230829','gameRecord20230907','gameRecord20231225','gameRecord20240228','gameRecord20230410','gameRecord20230630','gameRecord20230701','gameRecord20230123','gameRecord20230331','gameRecord20230607','gameRecord20230917','gameRecord20231107','gameRecord20230310','gameRecord20230324','gameRecord20231118','gameRecord20230109','gameRecord20230125','gameRecord20231101','gameRecord20240105','gameRecord20230429','gameRecord20231218','gameRecord20230904','gameRecord20231013','gameRecord20231022','gameRecord20240111','gameRecord20230624','gameRecord20240116','gameRecord20230302','gameRecord20230401','gameRecord20230526','gameRecord20231009','gameRecord20230329','gameRecord20230827','gameRecord20230914','gameRecord20240128','gameRecord20230523','gameRecord20230527','gameRecord20230628','gameRecord20231018','gameRecord20240213','gameRecord20230403','gameRecord20230622','gameRecord20231020','gameRecord20230121','gameRecord20230129','gameRecord20230203','gameRecord20230805','gameRecord20230807','gameRecord20231217','gameRecord20240205','gameRecord20230705','gameRecord20230312','gameRecord20231224','gameRecord20230508','gameRecord20230605','gameRecord20240109','gameRecord20230306','gameRecord20230514','gameRecord20230102','gameRecord20230420','gameRecord20230803','gameRecord20231025','gameRecord20231113','gameRecord20231119','gameRecord20231128','gameRecord20240122','gameRecord20240202','gameRecord20230723','gameRecord20231203','gameRecord20230202','gameRecord20230918','gameRecord20231124','gameRecord20231127','gameRecord20240206','gameRecord20230201','gameRecord20230402','gameRecord20240217','gameRecord20240302','gameRecord20230110','gameRecord20230115','gameRecord20230422','gameRecord20231014','gameRecord20230319','gameRecord20230529','gameRecord20230821','gameRecord20231207','gameRecord20240125','gameRecord20240215','gameRecord20230427','gameRecord20230426','gameRecord20230305','gameRecord20230524','gameRecord20231117','gameRecord20240112','gameRecord20230709','gameRecord20230826','gameRecord20230519','gameRecord20230615','gameRecord20230710','gameRecord20240129','gameRecord20230418','gameRecord20230811','gameRecord20230909','gameRecord20231019','gameRecord20240103','gameRecord20230619','gameRecord20231031','gameRecord20230421','gameRecord20230613','gameRecord20230702','gameRecord20230712','gameRecord20240110','gameRecord20230122','gameRecord20230404','gameRecord20230626','gameRecord20230716','gameRecord20230906','gameRecord20240123','gameRecord20230606','gameRecord20230830','gameRecord20230504')
ORDER BY TableSchema DESC, TableName DESC;",2024-03-03T15:05:53.790337Z
2#815009969545#3307386367382545559#slow#1709478214179950000#0000000000d28789-0@a2,23-10267614-10bf-4724-9c3d-9c0e997ddc84,52,666461666432613437323163663534342d313163,projects/project-kyz-product/logs/cloudsql.googleapis.com%2Fmysql-slow.log,,2024-03-03T15:03:36.251561698Z,project-kyz-product:mysql-m-z-prod,project-kyz-product,asia-east2,cloudsql_database,"# Time: 2024-03-03T15:03:34.397584Z
# User@Host: root[root] @ localhost []  thread_id: 1172437  server_id: 4004008285
# Query_time: 124.377603  Lock_time: 0.001342 Rows_sent: 32100  Rows_examined: 662811
SET timestamp=1709478214;
SELECT
  t.TABLE_SCHEMA AS TableSchema,
  t.TABLE_NAME AS TableName,
  t.TABLE_TYPE AS TableType,
  t.TABLE_COMMENT AS TableDescription,
  c.COLUMN_NAME AS ColumnName,
  c.COLUMN_COMMENT AS ColumnDescription,
  c.DATA_TYPE AS ColumnDataType,
  c.IS_NULLABLE AS ColumnIsNullable
FROM information_schema.columns c
JOIN information_schema.tables t
  ON (t.TABLE_NAME = c.TABLE_NAME AND t.TABLE_SCHEMA = c.TABLE_SCHEMA)
WHERE t.TABLE_SCHEMA IN ('gswzp_record','hhdz_record','hbby_record')
  AND t.TABLE_NAME IN ('gameRecord20230708','gameRecord20231031','gameRecord20231218','gameRecord20240116','gameRecord20230905','gameRecord20231222','gameRecord20230829','gameRecord20230902','gameRecord20240101','gameRecord20230109','gameRecord20230731','gameRecord20231011','gameRecord20230325','gameRecord20230923','gameRecord20231113','gameRecord20230101','gameRecord20230224','gameRecord20230614','gameRecord20230710','gameRecord20230711','gameRecord20230524','gameRecord20230730','gameRecord20231210','gameRecord20230315','gameRecord20230709','gameRecord20230901','gameRecord20230228','gameRecord20231226','gameRecord20240125','gameRecord20240203','gameRecord20231104','gameRecord20230128','gameRecord20230520','gameRecord20231017','gameRecord20230207','gameRecord20230301','gameRecord20230311','gameRecord20230528','gameRecord20231216','gameRecord20240221','gameRecord20230510','gameRecord20230816','gameRecord20231127','gameRecord20231025','gameRecord20230529','gameRecord20230914','gameRecord20231004','gameRecord20230126','gameRecord20230804','gameRecord20230825','gameRecord20231115','gameRecord20230208','gameRecord20231215','gameRecord20231220','gameRecord20240206','gameRecord20230307','gameRecord20230723','gameRecord20230808','gameRecord20230926','gameRecord20230107','gameRecord20240212','gameRecord20230220','gameRecord20230917','gameRecord20240111','gameRecord20240211','gameRecord20231119','gameRecord20231230','gameRecord20240130','gameRecord20240223','gameRecord20230801','gameRecord20231114','gameRecord20230115','gameRecord20230122','gameRecord20230127','gameRecord20240302','gameRecord20230221','gameRecord20231008','gameRecord20240113','gameRecord20240119','gameRecord20231204','gameRecord20230113','gameRecord20230624','gameRecord20231111','gameRecord20230610','gameRecord20230116','gameRecord20230112','gameRecord20230715','gameRecord20230904','gameRecord20231003','gameRecord20230313','gameRecord20230505','gameRecord20230601','gameRecord20230617','gameRecord20230215','gameRecord20230506','gameRecord20230603','gameRecord20230703','gameRecord20230806','gameRecord20231118','gameRecord20231130','gameRecord20230310','gameRecord20230412','gameRecord20230416','gameRecord20230615','gameRecord20230426','gameRecord20231112','gameRecord20240104','gameRecord20240128','gameRecord20230130','gameRecord20230419','gameRecord20240105','gameRecord20230225','gameRecord20240122','gameRecord20240129','gameRecord20230519','gameRecord20230626','gameRecord20230702','gameRecord20230125','gameRecord20230408','gameRecord20231019','gameRecord20240124','gameRecord20240117','gameRecord20240228','gameRecord20230203','gameRecord20230613','gameRecord20231122','gameRecord20231229','gameRecord20230530','gameRecord20231203','gameRecord20240109','gameRecord20240226','gameRecord20230222','gameRecord20230420','gameRecord20230316','gameRecord20230329','gameRecord20230707','gameRecord20230805','gameRecord20230903','gameRecord20231030','gameRecord20231109','gameRecord20230306','gameRecord20230819','gameRecord20231026','gameRecord20230318','gameRecord20230911','gameRecord20231002','gameRecord20230119','gameRecord20230815','gameRecord20231012','gameRecord20231020','gameRecord20231201','gameRecord20240126','gameRecord20231219','gameRecord20230202','gameRecord20230414','gameRecord20230713','gameRecord20230918','gameRecord20230201','gameRecord20230521','gameRecord20240103','gameRecord20240214','gameRecord20230814','gameRecord20231101','gameRecord20240303','gameRecord20230123','gameRecord20230213','gameRecord20230226','gameRecord20230508','gameRecord20230718','gameRecord20231213','gameRecord20230102','gameRecord20230415','gameRecord20230616','gameRecord20231217','gameRecord20240208','gameRecord20230103','gameRecord20230210','gameRecord20230320','gameRecord20230403','gameRecord20230618','gameRecord20240222','gameRecord20230421','gameRecord20230701','gameRecord20230907','gameRecord20240131','gameRecord20230503','gameRecord20231028','gameRecord20231125','gameRecord20240112','gameRecord20230424','gameRecord20231228','gameRecord20240120','gameRecord20240121','gameRecord20230720','gameRecord20230807','gameRecord20230811','gameRecord20240210','gameRecord20231009','gameRecord20231106','gameRecord20240229','gameRecord20230204','gameRecord20230719','gameRecord20230726','gameRecord20230810','gameRecord20230802','gameRecord20230817','gameRecord20240202','gameRecord20230217','gameRecord20230404','gameRecord20230522','gameRecord20230629','gameRecord20230604','gameRecord20231105','gameRecord20230930','gameRecord20231110','gameRecord20231208','gameRecord20240219','gameRecord20230118','gameRecord20230402','gameRecord20230514','gameRecord20230920','gameRecord20231205','gameRecord20240118','gameRecord20230205','gameRecord20230630','gameRecord20230827','gameRecord20231123','gameRecord20231006','gameRecord20231124','gameRecord20240216','gameRecord20230612','gameRecord20230721','gameRecord20230820','gameRecord20231007','gameRecord20230716','gameRecord20231005','gameRecord20231128','gameRecord20231224','gameRecord20240209','gameRecord20230312','gameRecord20230324','gameRecord20230326','gameRecord20230410','gameRecord20230427','gameRecord20230513','gameRecord20240106','gameRecord20230406','gameRecord20230611','gameRecord20231209','gameRecord20230621','gameRecord20230916','gameRecord20231108','gameRecord20230727','gameRecord20230823','gameRecord20230922','gameRecord20230712','gameRecord20240217','gameRecord20230323','gameRecord20230425','gameRecord20230501','gameRecord20230607','gameRecord20231117','gameRecord20240107','gameRecord20230105','gameRecord20230430','gameRecord20230704','gameRecord20231010','gameRecord20231021','gameRecord20231223','gameRecord20230110','gameRecord20230523','gameRecord20230525','gameRecord20231022','gameRecord20231207','gameRecord20230214','gameRecord20230331','gameRecord20230717','gameRecord20240201','gameRecord20230831','gameRecord20231126','gameRecord20240224','gameRecord20230129','gameRecord20230223','gameRecord20230417','gameRecord20230422','gameRecord20230321','gameRecord20230824','gameRecord20231001','gameRecord20230211','gameRecord20231014','gameRecord20230413','gameRecord20240225','gameRecord20230111','gameRecord20230227','gameRecord20230423','gameRecord20231214','gameRecord20230124','gameRecord20230219','gameRecord20240127','gameRecord20240205','gameRecord20240115','gameRecord20230114','gameRecord20230507','gameRecord20230818','gameRecord20230921','gameRecord20231018','gameRecord20230409','gameRecord20230512','gameRecord20230605','gameRecord20230619','gameRecord20230120','gameRecord20231120','gameRecord20230407','gameRecord20230803','gameRecord20240301','gameRecord20230117','gameRecord20230925','gameRecord20231016','gameRecord20231129','gameRecord20230913','gameRecord20230929','gameRecord20231023','gameRecord20240114','gameRecord20230121','gameRecord20230322','gameRecord20230515','gameRecord20231206','gameRecord20230502','gameRecord20230623','gameRecord20230628','gameRecord20231212','gameRecord20230822','gameRecord20240110','gameRecord20240123','gameRecord20230518','gameRecord20230705','gameRecord20230729','gameRecord20230304','gameRecord20230309','gameRecord20230319','gameRecord20230504','gameRecord20230909','gameRecord20230924','gameRecord20230108','gameRecord20230317','gameRecord20230813','gameRecord20231202','gameRecord20240204','gameRecord20230131','gameRecord20230330','gameRecord20230812','gameRecord20240213','gameRecord20230928','gameRecord20240218','gameRecord20230405','gameRecord20230725','gameRecord20230927','gameRecord20230209','gameRecord20230216','gameRecord20230303','gameRecord20230104','gameRecord20230526','gameRecord20230608','gameRecord20230625','gameRecord20231211','gameRecord20230511','gameRecord20231221','gameRecord20240227','gameRecord20230728','gameRecord20231121','gameRecord20240220','gameRecord20230206','gameRecord20230314','gameRecord20230609','gameRecord20230627','gameRecord20230919','gameRecord20231103','gameRecord20231231','gameRecord20230606','gameRecord20230915','gameRecord20231225','gameRecord20230328','gameRecord20230906','gameRecord20231027','gameRecord20230912','gameRecord20231013','gameRecord20230302','gameRecord20230714','gameRecord20230830','gameRecord20230910','gameRecord20230308','gameRecord20230327','gameRecord20230809','gameRecord20230428','gameRecord20231102','gameRecord20231107','gameRecord20230908','gameRecord20231024','gameRecord20231029','gameRecord20231227','gameRecord20230212','gameRecord20230401','gameRecord20230517','gameRecord20240215','gameRecord20230622','gameRecord20230724','gameRecord20230106','gameRecord20230411','gameRecord20230429','gameRecord20230531','gameRecord20230602','gameRecord20240207','gameRecord20230305','gameRecord20230826','gameRecord20230828','gameRecord20240102','gameRecord20230218','gameRecord20230527','gameRecord20231116','gameRecord20230516','gameRecord20230821','gameRecord20230722','gameRecord20231015','gameRecord20240108','gameRecord20230418','gameRecord20230509','gameRecord20230620','gameRecord20230706')
ORDER BY TableSchema DESC, TableName DESC;",2024-03-03T15:03:34.397584Z
2#815009969545#3307386367382545559#slow#1709478079262377000#0000000000d0e1e9-0@aa,23-10267614-10bf-4724-9c3d-9c0e997ddc84,52,666461666432613437323163663534342d313163,projects/project-kyz-product/logs/cloudsql.googleapis.com%2Fmysql-slow.log,,2024-03-03T15:01:20.910281565Z,project-kyz-product:mysql-m-z-prod,project-kyz-product,asia-east2,cloudsql_database,"# Time: 2024-03-03T15:01:19.658178Z
# User@Host: root[root] @ localhost []  thread_id: 1172437  server_id: 4004008285
# Query_time: 143.266335  Lock_time: 0.001463 Rows_sent: 41088  Rows_examined: 681215
SET timestamp=1709478079;
SELECT
  t.TABLE_SCHEMA AS TableSchema,
  t.TABLE_NAME AS TableName,
  t.TABLE_TYPE AS TableType,
  t.TABLE_COMMENT AS TableDescription,
  c.COLUMN_NAME AS ColumnName,
  c.COLUMN_COMMENT AS ColumnDescription,
  c.DATA_TYPE AS ColumnDataType,
  c.IS_NULLABLE AS ColumnIsNullable
FROM information_schema.columns c
JOIN information_schema.tables t
  ON (t.TABLE_NAME = c.TABLE_NAME AND t.TABLE_SCHEMA = c.TABLE_SCHEMA)
WHERE t.TABLE_SCHEMA IN ('jsbjl_record','jqyq_record','jackpotbenz_record','hhdz_record')
  AND t.TABLE_NAME IN ('gameRecord20231203','gameRecord20230228','gameRecord20230310','gameRecord20230531','gameRecord20230709','gameRecord20230804','gameRecord20230822','gameRecord20231105','gameRecord20230129','gameRecord20230223','gameRecord20230812','gameRecord20231124','gameRecord20231128','gameRecord20240216','gameRecord20230322','gameRecord20240107','gameRecord20230115','gameRecord20230204','gameRecord20230323','gameRecord20230716','gameRecord20230602','gameRecord20230217','gameRecord20231020','gameRecord20240214','gameRecord20231230','gameRecord20230101','gameRecord20230104','gameRecord20231013','gameRecord20230517','gameRecord20230810','gameRecord20230920','gameRecord20231205','gameRecord20230403','gameRecord20230613','gameRecord20231031','gameRecord20231102','gameRecord20230107','gameRecord20230907','gameRecord20230912','gameRecord20230519','gameRecord20240104','gameRecord20230413','gameRecord20230503','gameRecord20230708','gameRecord20230819','gameRecord20231126','gameRecord20230302','gameRecord20230515','gameRecord20231125','gameRecord20230508','gameRecord20230221','gameRecord20230728','gameRecord20230723','gameRecord20230726','gameRecord20230307','gameRecord20230506','gameRecord20231119','gameRecord20240122','gameRecord20230502','gameRecord20230619','gameRecord20230925','gameRecord20230410','gameRecord20230609','gameRecord20231018','gameRecord20230730','gameRecord20230826','gameRecord20230121','gameRecord20230212','gameRecord20230721','gameRecord20230206','gameRecord20230224','gameRecord20230404','gameRecord20230607','gameRecord20231027','gameRecord20240105','gameRecord20240219','gameRecord20231201','gameRecord20230727','gameRecord20231009','gameRecord20240112','gameRecord20230507','gameRecord20230807','gameRecord20230303','gameRecord20230418','gameRecord20240102','gameRecord20231104','gameRecord20231228','gameRecord20231229','gameRecord20230628','gameRecord20240226','gameRecord20230105','gameRecord20230627','gameRecord20230304','gameRecord20230710','gameRecord20240109','gameRecord20240229','gameRecord20230218','gameRecord20231216','gameRecord20230831','gameRecord20230906','gameRecord20230915','gameRecord20231007','gameRecord20240119','gameRecord20230117','gameRecord20230610','gameRecord20231002','gameRecord20230203','gameRecord20230311','gameRecord20230926','gameRecord20230305','gameRecord20231225','gameRecord20240103','gameRecord20240212','gameRecord20240207','gameRecord20230516','gameRecord20230624','gameRecord20230518','gameRecord20230520','gameRecord20230521','gameRecord20230617','gameRecord20230202','gameRecord20230415','gameRecord20230514','gameRecord20230316','gameRecord20230327','gameRecord20230331','gameRecord20230704','gameRecord20230705','gameRecord20240111','gameRecord20230201','gameRecord20230208','gameRecord20230706','gameRecord20230917','gameRecord20230126','gameRecord20230127','gameRecord20230128','gameRecord20230314','gameRecord20230407','gameRecord20231114','gameRecord20240118','gameRecord20240221','gameRecord20230911','gameRecord20230928','gameRecord20230111','gameRecord20230227','gameRecord20231116','gameRecord20240127','gameRecord20240301','gameRecord20240206','gameRecord20230328','gameRecord20230504','gameRecord20231103','gameRecord20240124','gameRecord20230113','gameRecord20230703','gameRecord20231214','gameRecord20230312','gameRecord20230701','gameRecord20230414','gameRecord20230524','gameRecord20230501','gameRecord20230922','gameRecord20240204','gameRecord20240210','gameRecord20230306','gameRecord20230220','gameRecord20231019','gameRecord20231110','gameRecord20231224','gameRecord20230214','gameRecord20231222','gameRecord20230725','gameRecord20230914','gameRecord20230921','gameRecord20230131','gameRecord20230707','gameRecord20230720','gameRecord20230430','gameRecord20230909','gameRecord20230106','gameRecord20230211','gameRecord20230226','gameRecord20230717','gameRecord20230913','gameRecord20240106','gameRecord20230210','gameRecord20230505','gameRecord20230416','gameRecord20230419','gameRecord20230715','gameRecord20231210','gameRecord20240131','gameRecord20230814','gameRecord20230321','gameRecord20230423','gameRecord20230923','gameRecord20240224','gameRecord20230216','gameRecord20230608','gameRecord20231016','gameRecord20231226','gameRecord20230604','gameRecord20230427','gameRecord20230612','gameRecord20231223','gameRecord20230120','gameRecord20230405','gameRecord20230806','gameRecord20231005','gameRecord20230408','gameRecord20230808','gameRecord20230905','gameRecord20231113','gameRecord20230809','gameRecord20230829','gameRecord20231026','gameRecord20230205','gameRecord20231022','gameRecord20240228','gameRecord20230329','gameRecord20230630','gameRecord20230901','gameRecord20231213','gameRecord20240202','gameRecord20230207','gameRecord20230525','gameRecord20230820','gameRecord20230319','gameRecord20230523','gameRecord20230718','gameRecord20230318','gameRecord20230805','gameRecord20231129','gameRecord20240128','gameRecord20230313','gameRecord20230815','gameRecord20230910','gameRecord20230927','gameRecord20240115','gameRecord20230510','gameRecord20230511','gameRecord20230824','gameRecord20230825','gameRecord20231217','gameRecord20240220','gameRecord20230116','gameRecord20231130','gameRecord20230513','gameRecord20230711','gameRecord20230330','gameRecord20230424','gameRecord20230526','gameRecord20231004','gameRecord20231115','gameRecord20231218','gameRecord20231231','gameRecord20230827','gameRecord20231010','gameRecord20230422','gameRecord20230611','gameRecord20240125','gameRecord20230509','gameRecord20231227','gameRecord20230409','gameRecord20230109','gameRecord20240130','gameRecord20240208','gameRecord20240302','gameRecord20231212','gameRecord20230112','gameRecord20240201','gameRecord20230626','gameRecord20240303','gameRecord20230324','gameRecord20231209','gameRecord20230308','gameRecord20230428','gameRecord20230816','gameRecord20231014','gameRecord20231117','gameRecord20231211','gameRecord20240126','gameRecord20231030','gameRecord20240120','gameRecord20230724','gameRecord20240117','gameRecord20230317','gameRecord20230425','gameRecord20231207','gameRecord20230326','gameRecord20230429','gameRecord20231122','gameRecord20231123','gameRecord20230114','gameRecord20230828','gameRecord20231101','gameRecord20240203','gameRecord20230821','gameRecord20230125','gameRecord20230528','gameRecord20230620','gameRecord20230625','gameRecord20230919','gameRecord20231109','gameRecord20240211','gameRecord20240215','gameRecord20240218','gameRecord20230823','gameRecord20231003','gameRecord20231029','gameRecord20240123','gameRecord20240209','gameRecord20230712','gameRecord20231108','gameRecord20230420','gameRecord20230603','gameRecord20230629','gameRecord20231215','gameRecord20240121','gameRecord20230412','gameRecord20231017','gameRecord20231021','gameRecord20240222','gameRecord20231012','gameRecord20231015','gameRecord20230802','gameRecord20230903','gameRecord20230930','gameRecord20231001','gameRecord20240108','gameRecord20240113','gameRecord20230621','gameRecord20230811','gameRecord20231107','gameRecord20240223','gameRecord20230421','gameRecord20230918','gameRecord20231028','gameRecord20231206','gameRecord20230614','gameRecord20231120','gameRecord20230527','gameRecord20240116','gameRecord20240217','gameRecord20240225','gameRecord20240205','gameRecord20230225','gameRecord20230722','gameRecord20230830','gameRecord20231127','gameRecord20240110','gameRecord20230512','gameRecord20230119','gameRecord20230122','gameRecord20230916','gameRecord20231118','gameRecord20240213','gameRecord20230803','gameRecord20230110','gameRecord20230213','gameRecord20230929','gameRecord20231008','gameRecord20231106','gameRecord20231121','gameRecord20230102','gameRecord20230924','gameRecord20230108','gameRecord20230130','gameRecord20230605','gameRecord20230623','gameRecord20230301','gameRecord20230616','gameRecord20230622','gameRecord20230215','gameRecord20230529','gameRecord20230719','gameRecord20230123','gameRecord20230417','gameRecord20231208','gameRecord20230118','gameRecord20230731','gameRecord20230618','gameRecord20231006','gameRecord20231011','gameRecord20231221','gameRecord20230315','gameRecord20230530','gameRecord20230209','gameRecord20230813','gameRecord20230320','gameRecord20230411','gameRecord20230713','gameRecord20230908','gameRecord20230222','gameRecord20230401','gameRecord20230606','gameRecord20230801','gameRecord20230817','gameRecord20231204','gameRecord20230426','gameRecord20230714','gameRecord20231202','gameRecord20230406','gameRecord20230729','gameRecord20230124','gameRecord20231219','gameRecord20240101','gameRecord20240114','gameRecord20230902','gameRecord20231023','gameRecord20231111','gameRecord20231112','gameRecord20230702','gameRecord20230219','gameRecord20230325','gameRecord20230615','gameRecord20231024','gameRecord20230402','gameRecord20230522','gameRecord20230818','gameRecord20240129','gameRecord20240227','gameRecord20230103','gameRecord20231025','gameRecord20230309','gameRecord20231220','gameRecord20230601','gameRecord20230904')
ORDER BY TableSchema DESC, TableName DESC;",2024-03-03T15:01:19.658178Z
